Name,Team
"&#193;lvarez, D.",BAL
"&#193;lvarez, D.",TEX
"&#193;lvarez, H.",PHI
"&#193;lvarez, J.",LAA
"&#193;lvarez, P.",BAL
"Abad, F.",BOS
"Achter, A.",DET
"Ackley, D.",LAA
"Adames, C.",COL
"Adames, W.",TB
"Adams, A.",CLE
"Adams, A.",LAA
"Adams, A.",WSH
"Adams, L.",ATL
"Adams, M.",STL
"Adduci, J.",DET
"Adleman, T.",CIN
"Adrianza, E.",MIL
"Adrianza, E.",MIN
"Adrianza, E.",SF
"Aguilar, J.",CLE
"Aguilar, J.",MIL
"Ahmed, N.",ARZ
"Albaladejo, J.",NYM
"Albers, A.",SEA
"Albers, M.",WSH
"Alberto, H.",TEX
"Albies, O.",ATL
"Alburquerque, A.",CHW
"Alburquerque, A.",KC
"Alc&#225;ntara, A.",CIN
"Alc&#225;ntara, V.",DET
"Alcantara, R.",OAK
"Alcantara, S.",STL
"Alexander, S.",KC
"Alfaro, J.",PHI
"Alford, A.",TOR
"Allen, C.",CLE
"Allen, G.",CLE
"Almonte, A.",CLE
"Almonte, M.",KC
"Altavilla, D.",SEA
"Altherr, A.",PHI
"Alvarado, J.",TB
"Amarista, A.",COL
"And&#250;jar, M.",NYY
"Anderson, B.",CHC
"Anderson, B.",MIA
"Anderson, B.",TOR
"Anderson, C.",CLE
"Anderson, C.",MIL
"Anderson, D.",PHI
"Anderson, T.",CHW
"Anderson, T.",COL
"Andino, R.",BAL
"Andriese, M.",TB
"Andrus, E.",TEX
"Anna, D.",KC
"Aoki, N.",NYM
"Aoki, N.",TOR
"Appel, M.",PHI
"Aquino, J.",BAL
"Arano, V.",PHI
"Araujo, E.",MIA
"Arenado, N.",COL
"Armstrong, S.",CLE
"Aro, J.",SEA
"Arrieta, J.",CHC
"Arroyo, B.",CIN
"Arroyo, C.",SF
"Asche, C.",CHW
"Asher, A.",BAL
"Ashley, N.",SEA
"Astin, B.",CIN
"Asuaje, C.",SD
"Atkins, M.",NYM
"Austin, T.",NYY
"Avery, X.",ATL
"Avil&#225;n, L.",LAD
"Avil&#233;s, M.",MIA
"Axford, J.",OAK
"Aybar, E.",SD
"B&#225;ez, P.",LAD
"B&#233;ltre, A.",TEX
"Bader, H.",STL
"Bailey, A.",LAA
"Bailey, H.",CIN
"Baker, D.",CLE
"Balester, C.",SF
"Banda, A.",ARZ
"Bandy, J.",MIL
"Barbato, J.",NYY
"Barbato, J.",PIT
"Bard, D.",NYM
"Barnes, D.",TOR
"Barnes, M.",BOS
"Barnette, T.",TEX
"Barney, D.",TOR
"Barnhart, T.",CIN
"Barraclough, K.",MIA
"Barreto, F.",OAK
"Barrett, A.",WSH
"Barrett, J.",ARZ
"Bass, A.",TEX
"Bassitt, C.",OAK
"Bastardo, A.",PIT
"Bauer, T.",CLE
"Baumann, B.",SD
"Bautista, J.",TOR
"Bautista, R.",WSH
"Beato, P.",PHI
"Beavan, B.",NYM
"Becerra, W.",NYM
"Beck, C.",CHW
"Beckham, G.",SEA
"Beckham, G.",SF
"Beckham, T.",TB
"Bedrosian, C.",LAA
"Belisle, M.",MIN
"Beliveau, J.",TOR
"Bell, C.",DET
"Bellatti, A.",BAL
"Bellinger, C.",LAD
"Belt, B.",SF
"Benoit, J.",PHI
"Benoit, J.",PIT
"Bergman, C.",SEA
"Berr&#237;os, J.",MIN
"Berry, Q.",MIL
"Berry, Q.",MIN
"Betances, D.",NYY
"Bethancourt, C.",SD
"Bettis, C.",COL
"Biagini, J.",TOR
"Bibens-Dirkx, A.",TEX
"Biddle, J.",ATL
"Bird, G.",NYY
"Black, V.",SF
"Blackburn, C.",SF
"Blackburn, C.",TEX
"Blackburn, P.",OAK
"Blackmon, C.",COL
"Blair, A.",ATL
"Blair, C.",CHW
"Blanco, G.",ARZ
"Blanks, K.",SF
"Blanton, J.",WSH
"Blash, J.",SD
"Blazek, M.",MIL
"Bleier, R.",BAL
"Bleier, R.",NYY
"Blevins, J.",NYM
"Boesch, B.",BOS
"Bogaerts, X.",BOS
"Bogusevic, B.",BOS
"Bolsinger, M.",TOR
"Bonifacio, E.",ARZ
"Bonifacio, E.",ATL
"Bonifacio, J.",KC
"Bonilla, L.",CIN
"Bonilla, L.",PIT
"Bormann, J.",PIT
"Bosc&#225;n, W.",NYM
"Boshers, B.",MIN
"Bostick, C.",PIT
"Bour, J.",MIA
"Bourgeois, J.",CHW
"Bourjos, P.",CHW
"Bourjos, P.",TB
"Bourn, M.",BAL
"Bourn, M.",LAA
"Boxberger, B.",TB
"Boyd, M.",DET
"Boyer, B.",ATL
"Boyer, B.",BOS
"Brach, B.",BAL
"Bracho, S.",ARZ
"Bradford, C.",NYM
"Bradley Jr., J.",BOS
"Brady, M.",OAK
"Brantley, M.",CLE
"Brantly, R.",CHW
"Brault, S.",PIT
"Braun, R.",MIL
"Brebbia, J.",STL
"Brentz, B.",BOS
"Breslow, C.",CLE
"Breslow, C.",MIN
"Brice, A.",CIN
"Bridwell, P.",BAL
"Bridwell, P.",LAA
"Brigham, J.",DET
"Brinson, L.",MIL
"Brito, S.",ARZ
"Britton, Z.",BAL
"Broadway, M.",TB
"Broadway, M.",WSH
"Brooks, A.",CHC
"Brooks, A.",MIL
"Brothers, R.",ATL
"Brown, D.",COL
"Brown, T.",SF
"Broxton, J.",STL
"Broxton, K.",MIL
"Brugman, J.",OAK
"Buchanan, J.",ARZ
"Buchanan, J.",CHC
"Buchanan, J.",CIN
"Buchholz, C.",PHI
"Buehler, W.",LAD
"Bumgarner, M.",SF
"Bummer, A.",CHW
"Bundy, D.",BAL
"Burgos, E.",ARZ
"Burgos, E.",ATL
"Burnett, S.",PHI
"Burns, A.",TOR
"Burns, B.",KC
"Buschmann, M.",TOR
"Busenitz, A.",MIN
"Bush, M.",TEX
"Buss, N.",SD
"Butler, E.",CHC
"Butler, E.",COL
"Butler, J.",WSH
"Buxton, B.",MIN
"C&#233;spedes, Y.",NYM
"Cabral, C.",BOS
"Cabrera, A.",NYM
"Cabrera, E.",CHW
"Cabrera, M.",ATL
"Cabrera, M.",CHW
"Cabrera, M.",DET
"Cabrera, R.",MIA
"Cahill, T.",KC
"Cahill, T.",SD
"Calhoun, K.",LAA
"Calhoun, W.",TEX
"Calixte, O.",SF
"Callahan, J.",NYM
"Camargo, J.",ATL
"Campos, L.",TOR
"Campos, V.",LAA
"Can&#243;, R.",SEA
"Candelario, J.",CHC
"Candelario, J.",DET
"Canha, M.",OAK
"Capps, C.",SD
"Caratini, V.",CHC
"Cardullo, S.",COL
"Carle, S.",COL
"Carpenter, D.",ARZ
"Carpenter, D.",TB
"Carpenter, M.",STL
"Carrera, E.",TOR
"Carroll, S.",CHC
"Carter, C.",NYY
"Carter, C.",OAK
"Casali, C.",TB
"Cashner, A.",TEX
"Casilla, S.",OAK
"Castellanos, &#193;.",BAL
"Castellanos, N.",DET
"Castillo, F.",LAD
"Castillo, L.",CIN
"Castillo, W.",BAL
"Castillo, W.",NYY
"Castro, J.",MIN
"Castro, M.",BAL
"Castro, M.",COL
"Castro, S.",NYY
"Castro, S.",OAK
"Cecchini, G.",NYM
"Ceciliani, D.",TOR
"Cede&#241;o, X.",TB
"Centeno, J.",HOU
"Cervelli, F.",PIT
"Cervenka, H.",MIA
"Cessa, L.",NYY
"Chacin, A.",CIN
"Chamberlain, J.",MIL
"Chapman, A.",NYY
"Chapman, J.",TEX
"Chapman, K.",ATL
"Chapman, K.",MIN
"Chapman, M.",OAK
"Chargois, J.",MIN
"Chatwood, T.",COL
"Chen, W.",MIA
"Chirinos, R.",TEX
"Chisenhall, L.",CLE
"Choate, R.",LAD
"Choi, J.",LAA
"Choi, J.",NYY
"Choice, M.",BAL
"Choice, M.",MIL
"Cingrani, T.",CIN
"Cishek, S.",SEA
"Claiborne, P.",TEX
"Clemens, P.",MIN
"Clemens, P.",SD
"Cleto, M.",CHC
"Clevinger, M.",CLE
"Cloyd, T.",SEA
"Coats, J.",CHW
"Coats, J.",TB
"Cobb, A.",TB
"Coghlan, C.",PHI
"Coghlan, C.",TOR
"Col&#243;n, B.",ATL
"Col&#243;n, B.",MIN
"Col&#243;n, C.",KC
"Col&#243;n, C.",MIA
"Col&#243;n, J.",CLE
"Colabello, C.",CLE
"Colabello, C.",MIL
"Cole, A.",WSH
"Cole, G.",PIT
"Cole, T.",TOR
"Coleman, C.",HOU
"Coleman, D.",SD
"Coleman, L.",ARZ
"Coleman, L.",CIN
"Collins, T.",DET
"Collmenter, J.",ATL
"Concepci&#243;n, G.",CHC
"Conforto, M.",NYM
"Conger, H.",ARZ
"Conley, A.",MIA
"Contreras, W.",CHC
"Cooney, T.",CLE
"Cooper, G.",NYY
"Copeland, S.",MIA
"Corbin, P.",ARZ
"Corcino, D.",CHC
"Corcino, D.",LAD
"Cordell, R.",CHW
"Cordell, R.",MIL
"Cordero, F.",SD
"Cordier, E.",BOS
"Corpor&#225;n, C.",CHC
"Correa, C.",HOU
"Cosart, J.",SD
"Cotham, C.",SEA
"Cotton, J.",OAK
"Cotts, N.",WSH
"Covey, D.",CHW
"Cowart, K.",LAA
"Cowgill, C.",SD
"Cozart, Z.",CIN
"Cozens, D.",PHI
"Craig, A.",BOS
"Cravy, T.",MIL
"Crawford, B.",SF
"Crawford, J.",PHI
"Crichton, S.",BAL
"Crick, K.",SF
"Crockett, K.",CLE
"Cron, C.",LAA
"Cruz, T.",SD
"Cueto, J.",SF
"Cuevas, W.",DET
"Cuevas, W.",MIA
"Culberson, C.",LAD
"Cunniff, B.",MIA
"Curtis, Z.",PHI
"Curtis, Z.",SEA
"Curtiss, J.",MIN
"Cuthbert, C.",KC
"D&#237;az, A.",STL
"D&#237;az, E.",PIT
"D&#237;az, J.",COL
"D&#237;az, J.",TOR
"D&#237;az, Y.",CLE
"Dahl, D.",COL
"Danish, T.",CHW
"Danks, J.",ATL
"Darnell, L.",LAD
"Darnell, L.",TB
"Darvish, Y.",LAD
"Davidson, M.",CHW
"Davis, C.",BAL
"Davis, I.",LAD
"Davis, J.",HOU
"Davis, K.",OAK
"Davis, R.",CIN
"Davis, R.",OAK
"Davis, T.",CHC
"Davis, W.",CHC
"Dayton, G.",LAD
"De Aza, A.",OAK
"De Aza, A.",WSH
"De Fratus, J.",SD
"De Fratus, J.",SEA
"De Jong, C.",SEA
"De La Rosa, J.",ARZ
"De La Rosa, R.",ARZ
"De Le&#243;n, J.",TB
"DeJong, P.",STL
"DeSclafani, A.",CIN
"Decker, C.",MIL
"Decker, C.",NYM
"Decker, J.",OAK
"Delabar, S.",CLE
"Delgado, R.",ARZ
"Delmonico, N.",CHW
"Denorfia, C.",COL
"Dermody, M.",TOR
"Descalso, D.",ARZ
"Desmond, I.",COL
"Despaigne, O.",MIA
"Detwiler, R.",CHC
"Detwiler, R.",OAK
"Devers, R.",BOS
"Diaz, D.",HOU
"Diaz, D.",LAA
"Diaz, J.",CIN
"Diaz, J.",HOU
"Diaz, J.",TB
"Diaz, M.",SD
"Dickerson, A.",SD
"Dickerson, C.",TB
"Dickson, O.",LAD
"Diekman, J.",TEX
"Dietrich, D.",MIA
"Difo, W.",WSH
"Dom&#237;nguez, C.",CHC
"Donaldson, J.",TOR
"Doolittle, S.",OAK
"Dozier, H.",KC
"Drake, O.",BAL
"Drew, S.",WSH
"Duda, L.",NYM
"Duensing, B.",CHC
"Duffy, D.",KC
"Duffy, M.",TB
"Duke, Z.",STL
"Dull, R.",OAK
"Dunning, J.",CHW
"Dyson, J.",SEA
"Dyson, S.",TEX
"Eaton, A.",WSH
"Edgin, J.",NYM
"Edwards Jr., C.",CHC
"Eflin, Z.",PHI
"Ege, C.",LAA
"Eibner, B.",LAD
"Eibner, B.",OAK
"Eickhoff, J.",PHI
"El&#237;as, R.",BOS
"Ellington, B.",MIA
"Ellsbury, J.",NYY
"Elmore, J.",MIA
"Elmore, J.",TOR
"Encarnacion, E.",CLE
"Engel, A.",CHW
"Enns, D.",MIN
"Enns, D.",NYY
"Enright, B.",SD
"Eovaldi, N.",TB
"Erlin, R.",SD
"Ervin, P.",CIN
"Esch, J.",MIA
"Esch, J.",SD
"Escobar, E.",CLE
"Escobar, Y.",LAA
"Espino, P.",MIL
"Espino, P.",TEX
"Espinosa, D.",LAA
"Espinosa, D.",SEA
"Espinosa, D.",TB
"Est&#233;vez, C.",COL
"Estrada, M.",TOR
"Ethier, A.",LAD
"Evans, P.",NYM
"Eveland, D.",TB
"Fal&#250;, I.",WSH
"Familia, J.",NYM
"Faria, J.",TB
"Farmer, B.",DET
"Farmer, K.",LAD
"Farquhar, D.",CHW
"Farquhar, D.",TB
"Farrell, L.",CHC
"Farrell, L.",CIN
"Farrell, L.",KC
"Farrell, L.",LAD
"Faulkner, A.",BAL
"Faulkner, A.",TEX
"Featherston, T.",PHI
"Featherston, T.",TB
"Fedde, E.",WSH
"Federowicz, T.",SF
"Feldman, S.",CIN
"Feliz, M.",HOU
"Feliz, N.",KC
"Feliz, N.",MIL
"Ferrell, J.",DET
"Fielder, P.",TEX
"Fields, J.",LAD
"Fien, C.",PHI
"Fien, C.",SEA
"Fiers, M.",HOU
"Finnegan, B.",CIN
"Fisher, D.",HOU
"Fister, D.",BOS
"Fister, D.",LAA
"Flaherty, J.",STL
"Flaherty, R.",BAL
"Flexen, C.",NYM
"Flores, R.",LAA
"Flores, W.",NYM
"Florim&#243;n, P.",PHI
"Floro, D.",CHC
"Floro, D.",LAD
"Floro, D.",TB
"Flowers, T.",ATL
"Floyd, G.",TOR
"Flynn, B.",KC
"Font, W.",LAD
"Fontana, N.",LAA
"Forsythe, L.",LAD
"Fowler, D.",NYY
"Fowler, D.",OAK
"Fowler, D.",STL
"Fr&#237;as, C.",CLE
"Fr&#237;as, C.",LAD
"Francisco, J.",BAL
"Francoeur, J.",MIA
"Franklin, N.",LAA
"Franklin, N.",MIL
"Franklin, N.",TB
"Frankoff, S.",CHC
"Frankoff, S.",SEA
"Frazier, A.",PIT
"Frazier, C.",NYY
"Frazier, T.",CHW
"Freeland, K.",COL
"Freeman, F.",ATL
"Freeman, M.",CHC
"Freeman, M.",LAD
"Freeman, M.",SEA
"Freeman, S.",ATL
"Freitas, D.",ATL
"Freitas, D.",SEA
"Fried, M.",ATL
"Friedrich, C.",SD
"Frieri, E.",NYY
"Frieri, E.",SEA
"Frieri, E.",TEX
"Fry, J.",CHW
"Fry, P.",BAL
"Fry, P.",SEA
"Fryer, E.",STL
"Fuentes, R.",ARZ
"Fulmer, C.",CHW
"Fulmer, M.",DET
"G&#243;mez, C.",TEX
"G&#243;mez, J.",MIL
"G&#243;mez, J.",PHI
"G&#243;mez, J.",SEA
"G&#243;mez, M.",SF
"G&#243;mez, R.",SF
"Gadea, K.",TB
"Gale, R.",SD
"Gallagher, C.",KC
"Gallegos, G.",NYY
"Gallo, J.",TEX
"Galvis, F.",PHI
"Gamboa, E.",LAD
"Gamboa, E.",TEX
"Gamel, B.",SEA
"Gant, J.",STL
"Garc&#237;a, A.",CHW
"Garc&#237;a, J.",BAL
"Garc&#237;a, J.",MIA
"Garc&#237;a, L.",CHW
"Garc&#237;a, L.",PHI
"Garc&#237;a, O.",KC
"Garc&#237;a, W.",CHW
"Garc&#237;a, Y.",LAD
"Garcia, A.",ATL
"Gardewine, N.",TEX
"Garneau, D.",COL
"Garneau, D.",OAK
"Garner, P.",CLE
"Garrett, A.",CIN
"Garton, R.",SEA
"Garton, R.",TB
"Garver, M.",MIN
"Garza, M.",MIL
"Gattis, E.",HOU
"Gausman, K.",BAL
"Gaviglio, S.",KC
"Gaviglio, S.",SEA
"Gee, D.",MIN
"Gee, D.",TEX
"Geltz, S.",LAD
"Gennett, S.",CIN
"Gentry, C.",BAL
"Germ&#225;n, D.",NYY
"Giavotella, J.",BAL
"Gibson, K.",MIN
"Gillaspie, C.",SF
"Gilmartin, S.",NYM
"Gilmartin, S.",STL
"Gimenez, C.",MIN
"Gindl, C.",SF
"Giolito, L.",CHW
"Girodo, C.",TOR
"Glasnow, T.",PIT
"Glover, K.",WSH
"Godley, Z.",ARZ
"Goebbert, J.",ARZ
"Goeddel, E.",NYM
"Goeddel, T.",CIN
"Goeddel, T.",PHI
"Goforth, D.",MIL
"Gohara, L.",ATL
"Goldberg, B.",CHW
"Gonz&#225;lez, A.",LAD
"Gonz&#225;lez, C.",COL
"Gonz&#225;lez, C.",TEX
"Gonz&#225;lez, E.",CLE
"Gonz&#225;lez, G.",WSH
"Gonz&#225;lez, M.",CHW
"Gonz&#225;lez, M.",HOU
"Gonz&#225;lez, S.",MIA
"Gonz&#225;lez, S.",PHI
"Gonzales, M.",SEA
"Gonzales, M.",STL
"Goodrum, N.",MIN
"Goodwin, B.",WSH
"Goody, N.",CLE
"Gordon, A.",KC
"Gore, T.",KC
"Gorzelanny, T.",NYM
"Gose, A.",DET
"Gosewisch, T.",SEA
"Gosselin, P.",ARZ
"Gosselin, P.",PIT
"Gosselin, P.",TEX
"Gossett, D.",OAK
"Gott, T.",WSH
"Grace, M.",WSH
"Grandal, Y.",LAD
"Granite, Z.",MIN
"Graterol, J.",ARZ
"Graterol, J.",LAA
"Graterol, J.",TOR
"Graveman, K.",OAK
"Gray, J.",COL
"Gray, S.",OAK
"Green, C.",NYY
"Green, G.",CHW
"Green, G.",MIA
"Green, G.",WSH
"Gregorio, J.",SF
"Gregorius, D.",NYY
"Greinke, Z.",ARZ
"Grichuk, R.",STL
"Griffin, A.",TEX
"Grilli, J.",TOR
"Grimm, J.",CHC
"Grossman, R.",MIN
"Gsellman, R.",NYM
"Guaipe, M.",CHW
"Guduan, R.",HOU
"Guerra, D.",LAA
"Guerra, J.",MIA
"Guerra, J.",MIL
"Guerra, J.",SD
"Guerrero, T.",MIA
"Guerrieri, T.",TB
"Gurka, J.",LAA
"Gurriel, L.",TOR
"Gurriel, Y.",HOU
"Gustave, J.",HOU
"Guthrie, J.",WSH
"Gutierrez, F.",LAD
"Guyer, B.",CLE
"Guzman, R.",TEX
"Gyorko, J.",STL
"Hader, J.",MIL
"Hagadone, N.",SEA
"Hahn, J.",OAK
"Hale, D.",ATL
"Hale, D.",LAD
"Haley, J.",MIN
"Hall, C.",SF
"Halton, S.",DET
"Hamels, C.",TEX
"Hamilton, B.",CIN
"Hamilton, J.",TEX
"Hammel, J.",KC
"Hand, B.",SD
"Hand, D.",NYM
"Hanigan, R.",COL
"Hanigan, R.",PHI
"Haniger, M.",SEA
"Hannemann, J.",CHC
"Hannemann, J.",SEA
"Hanson, A.",CHW
"Hanson, A.",PIT
"Happ, I.",CHC
"Happ, J.",TOR
"Hardy, B.",DET
"Hardy, J.",BAL
"Harper, B.",WSH
"Harper, R.",SEA
"Harrell, L.",TOR
"Harris, M.",STL
"Harris, W.",HOU
"Harrison, J.",PIT
"Hart, D.",BAL
"Harvey, M.",NYM
"Hatcher, C.",LAD
"Hathaway, S.",ARZ
"Hauschild, M.",TEX
"Hayes, B.",TEX
"Hays, A.",BAL
"Hazelbaker, J.",ARZ
"Heaney, A.",LAA
"Heath, D.",CIN
"Heathcott, S.",SF
"Hechavarria, A.",MIA
"Hechavarria, A.",TB
"Hedges, A.",SD
"Heisey, C.",WSH
"Heller, B.",NYY
"Hellweg, J.",PIT
"Henderson, J.",CHC
"Hendricks, K.",CHC
"Hendriks, L.",OAK
"Hern&#225;ndez, &#211;.",ARZ
"Hern&#225;ndez, C.",PHI
"Hern&#225;ndez, D.",ATL
"Hern&#225;ndez, D.",LAA
"Hern&#225;ndez, D.",SF
"Hern&#225;ndez, M.",BOS
"Hern&#225;ndez, T.",HOU
"Hern&#225;ndez, T.",TOR
"Hernandez, A.",CIN
"Hernandez, F.",SEA
"Herrera, D.",CIN
"Herrera, K.",KC
"Herrera, O.",PHI
"Herrera, R.",NYY
"Herrmann, C.",ARZ
"Hessler, K.",SD
"Heston, C.",LAD
"Heston, C.",MIN
"Heston, C.",SEA
"Heyward, J.",CHC
"Hicks, A.",NYY
"Hicks, J.",DET
"Higashioka, K.",NYY
"Hildenberger, T.",MIN
"Hill, A.",SF
"Hill, R.",LAD
"Hinojosa, D.",PHI
"Hoffman, J.",COL
"Holaday, B.",DET
"Holaday, B.",PHI
"Holder, J.",NYY
"Holland, D.",CHW
"Holland, G.",COL
"Hollands, M.",PHI
"Holliday, M.",NYY
"Holmberg, D.",CHW
"Holmes, C.",PIT
"Holt, B.",BOS
"Holt, T.",LAD
"Hood, D.",MIA
"Hoover, J.",ARZ
"Hoskins, R.",PHI
"Hosmer, E.",KC
"House, T.",TOR
"Houser, A.",MIL
"Howard, R.",ATL
"Howard, R.",COL
"Howell, J.",TOR
"Hoying, J.",TEX
"Hoyt, J.",HOU
"Hu, C.",TB
"Huffman, C.",STL
"Huffman, C.",WSH
"Hughes, J.",MIL
"Hughes, J.",PIT
"Hughes, P.",MIN
"Hundley, N.",SF
"Hunter, C.",CIN
"Hunter, T.",TB
"Hursh, J.",ATL
"Hutchison, D.",PIT
"Hwang, J.",SF
"Iannetta, C.",ARZ
"Iglesias, J.",DET
"Infante, G.",CHW
"Iwakuma, H.",SEA
"Jackson, A.",CLE
"Jackson, E.",BAL
"Jackson, E.",WSH
"Jackson, L.",ATL
"Jackson, R.",MIA
"Jackson, R.",SEA
"Jackson, R.",WSH
"Janish, P.",BAL
"Jankowski, J.",HOU
"Jankowski, J.",LAD
"Jankowski, T.",SD
"Jansen, K.",LAD
"Jaye, M.",DET
"Jeffress, J.",TEX
"Jenkins, T.",SD
"Jennings, D.",CHW
"Jennings, D.",CIN
"Jennings, D.",NYM
"Jepsen, K.",ARZ
"Jepsen, K.",WSH
"Jim&#233;nez, C.",MIL
"Jim&#233;nez, J.",DET
"Jimenez, A.",TEX
"Jimenez, A.",TOR
"Johnson, B.",BOS
"Johnson, C.",BAL
"Johnson, J.",SF
"Johnson, M.",ATL
"Johnson, M.",CIN
"Johnson, M.",LAD
"Johnson, M.",SF
"Johnson, P.",CHC
"Johnson, P.",SF
"Johnson, S.",BAL
"Jokisch, E.",ARZ
"Jones, J.",DET
"Jones, N.",CHW
"Jones, R.",SF
"Jorge, F.",MIN
"Joseph, C.",BAL
"Joyce, M.",OAK
"Judy, J.",SEA
"Jungmann, T.",MIL
"Junis, J.",KC
"Jurrjens, J.",LAD
"Kahnle, T.",CHW
"Kang, J.",PIT
"Karns, N.",KC
"Kawasaki, M.",CHC
"Kazmir, S.",LAD
"Kela, K.",TEX
"Kelley, S.",WSH
"Kelly, C.",CHC
"Kelly, C.",SF
"Kelly, C.",STL
"Kelly, J.",BOS
"Kelly, R.",SEA
"Kelly, T.",NYM
"Kelly, T.",PHI
"Kelly, T.",TOR
"Kemp, M.",ATL
"Kemp, T.",HOU
"Kendrick, H.",PHI
"Kendrick, K.",BOS
"Kennedy, I.",KC
"Kershaw, C.",LAD
"Keuchel, D.",HOU
"Kickham, M.",MIA
"Kieboom, S.",WSH
"Kiermaier, K.",TB
"Kingham, N.",PIT
"Kinsler, I.",DET
"Kintzler, B.",MIN
"Kipnis, J.",CLE
"Kirkman, M.",ATL
"Kittredge, A.",TB
"Kivlehan, P.",CIN
"Kluber, C.",CLE
"Knapp, A.",PHI
"Kobernus, J.",SEA
"Koch, M.",ARZ
"Koehler, T.",MIA
"Koehler, T.",TOR
"Kohn, M.",MIN
"Kolarek, A.",TB
"Kontos, G.",PIT
"Kontos, G.",SF
"Kozma, P.",NYY
"Kozma, P.",TEX
"Kratz, E.",NYY
"Krol, I.",ATL
"Kuo, H.",SD
"L&#243;pez, J.",MIL
"L&#243;pez, J.",SF
"L&#243;pez, R.",CHW
"L&#243;pez, R.",TOR
"La Stella, T.",CHC
"LaFromboise, B.",TEX
"LaMarre, R.",LAA
"LaMarre, R.",OAK
"Labourt, J.",DET
"Lackey, J.",CHC
"Ladendorf, T.",CHW
"Laffey, A.",ARZ
"Lagares, J.",NYM
"Lalli, B.",ARZ
"Lambo, A.",OAK
"Lamet, D.",SD
"Lannan, J.",WSH
"Latos, M.",TOR
"Lavarnway, R.",OAK
"Law, D.",SF
"Lawrence, C.",SEA
"Lawrence, C.",TOR
"Lawrie, B.",CHW
"Layne, T.",LAD
"Layne, T.",NYY
"Lazo, R.",BAL
"Le&#243;n, A.",DET
"LeBlanc, W.",PIT
"League, B.",KC
"Leathersich, J.",CHC
"Leathersich, J.",PIT
"Leclerc, J.",TEX
"Lee, C.",BAL
"Lee, D.",SEA
"Lee, Z.",SD
"Leiter Jr., M.",PHI
"Leon, S.",BOS
"Leone, D.",TOR
"Lerud, S.",TEX
"Lester, J.",CHC
"Lewicki, A.",DET
"Leyba, D.",ARZ
"Liberatore, A.",LAD
"Light, P.",MIN
"Light, P.",PIT
"Light, P.",SEA
"Lin, T.",BOS
"Lind, A.",WSH
"Lindblom, J.",PIT
"Lindgren, J.",ATL
"Liriano, F.",TOR
"Liriano, R.",CHW
"Lively, B.",PHI
"Lloyd, K.",SD
"Locastro, T.",LAD
"Locke, J.",MIA
"Loewen, A.",TEX
"Logan, B.",CLE
"Lombardozzi, S.",MIA
"Loney, J.",ATL
"Loney, J.",DET
"Loney, J.",TEX
"Lough, D.",CLE
"Lough, D.",DET
"Loup, A.",TOR
"Lowe, M.",DET
"Lowe, M.",SEA
"Lucas, J.",STL
"Luebke, C.",CHW
"Luetge, L.",BAL
"Luetge, L.",CIN
"Lugo, D.",ARZ
"Lugo, D.",DET
"Lugo, S.",NYM
"Luplow, J.",PIT
"Lyles, J.",COL
"Lyles, J.",SD
"Lyons, T.",STL
"M&#225;rquez, G.",COL
"M&#233;ndez, Y.",TEX
"Machado, A.",KC
"Machado, D.",DET
"Machado, M.",BAL
"Machi, J.",CHW
"Machi, J.",SEA
"Maddox, A.",BOS
"Madson, R.",WSH
"Maeda, K.",LAD
"Magill, M.",SD
"Magnifico, D.",BAL
"Magnifico, D.",LAA
"Magnifico, D.",MIL
"Mahle, G.",LAA
"Mahle, T.",CIN
"Maile, L.",TB
"Maile, L.",TOR
"Maldonado, M.",LAA
"Manaea, S.",OAK
"Maness, S.",KC
"Manship, J.",CLE
"Maples, D.",CHC
"Mar&#237;&#241;ez, J.",MIL
"Mar&#237;&#241;ez, J.",PIT
"Mar&#237;&#241;ez, J.",TEX
"Margot, M.",SD
"Marisnick, J.",HOU
"Marjama, M.",SEA
"Marks, J.",LAD
"Marks, J.",TB
"Marmolejos, J.",WSH
"Maronde, N.",MIA
"Marrero, C.",SF
"Marrero, D.",BOS
"Marshall, E.",ARZ
"Marshall, E.",SEA
"Mart&#237;n, R.",WSH
"Mart&#237;nez, C.",STL
"Mart&#237;nez, J.",STL
"Mart&#237;nez, M.",CLE
"Mart&#237;nez, M.",TB
"Mart&#237;nez, N.",TEX
"Mart&#237;nez, O.",CHC
"Marte, J.",LAA
"Marte, K.",ARZ
"Marte, K.",MIA
"Marte, S.",PIT
"Martes, F.",HOU
"Martin, C.",SEA
"Martin, K.",BOS
"Martin, L.",CHC
"Martin, L.",SEA
"Martin, R.",TOR
"Martinez, D.",HOU
"Martinez, J.",DET
"Martinez, V.",DET
"Martis, S.",BAL
"Masterson, J.",LAD
"Mateo, J.",NYY
"Mateo, J.",OAK
"Mathis, J.",ARZ
"Maton, P.",SD
"Matusz, B.",ARZ
"Matz, S.",NYM
"Matzek, T.",CHW
"Mauer, J.",MIN
"Maurer, B.",SD
"Maxwell, B.",OAK
"May, J.",CHW
"May, T.",MIN
"Maybin, C.",HOU
"Maybin, C.",LAA
"Mayers, M.",STL
"Mayza, T.",TOR
"Mazzaro, V.",CIN
"Mazzoni, C.",SD
"McAllister, Z.",CLE
"McCann, B.",HOU
"McCann, J.",DET
"McCarthy, B.",LAD
"McCarthy, K.",KC
"McCullers Jr., L.",HOU
"McFarland, T.",ARZ
"McFarland, T.",BAL
"McGee, J.",COL
"McGowan, K.",NYM
"McGrath, K.",SD
"McGuire, D.",CIN
"McHugh, C.",HOU
"McMahon, R.",COL
"Medlen, K.",ATL
"Mej&#237;a, A.",MIN
"Mejia, A.",STL
"Mejia, F.",CLE
"Melancon, M.",SF
"Mella, K.",CIN
"Melville, T.",MIN
"Melville, T.",SD
"Mengden, D.",OAK
"Mercer, J.",PIT
"Merrifield, W.",KC
"Merritt, R.",CLE
"Mesoraco, D.",CIN
"Meyer, A.",LAA
"Mickolio, K.",MIN
"Middlebrooks, W.",TEX
"Middleton, K.",LAA
"Miller, A.",CLE
"Miller, B.",TB
"Miller, J.",MIN
"Miller, S.",ARZ
"Mills, A.",CHC
"Mills, A.",KC
"Mills, B.",SEA
"Milner, H.",CLE
"Milner, H.",PHI
"Milone, T.",MIL
"Milone, T.",NYM
"Minaya, J.",CHW
"Minter, A.",ATL
"Miranda, A.",SEA
"Mitchell, B.",NYY
"Molina, M.",NYM
"Molina, Y.",STL
"Moll, S.",COL
"Moll, S.",OAK
"Moncada, Y.",CHW
"Moncrief, C.",SF
"Mondesi, R.",KC
"Montas, F.",OAK
"Montero, J.",BAL
"Montero, M.",CHC
"Montero, M.",TOR
"Montero, R.",NYM
"Montgomery, J.",NYY
"Moore, A.",SEA
"Moore, T.",MIA
"Moran, C.",HOU
"Moreno, D.",CLE
"Moreno, D.",TB
"Morgan, A.",PHI
"Morimando, S.",CLE
"Morin, M.",KC
"Morin, M.",LAA
"Moroff, M.",PIT
"Moronta, R.",SF
"Morris, A.",ATL
"Morris, B.",SF
"Morrison, L.",TB
"Morrow, B.",LAD
"Morse, M.",SF
"Mortensen, C.",MIA
"Morton, C.",HOU
"Moss, B.",KC
"Motte, J.",ATL
"Motte, J.",COL
"Motter, T.",SEA
"Moy&#224;, S.",DET
"Moya, G.",MIN
"Moylan, P.",KC
"Mu&#241;oz, Y.",OAK
"Mujica, E.",DET
"Mullee, C.",CHC
"Muncy, M.",LAD
"Muncy, M.",OAK
"Muno, D.",DET
"Muno, D.",SEA
"Murphy, J.",ARZ
"Murphy, J.",MIN
"Murphy, T.",COL
"Murton, M.",DET
"Musgrove, J.",HOU
"Myers, W.",SD
"N&#250;&#241;ez, E.",SF
"N&#250;&#241;ez, R.",OAK
"Napoli, M.",TEX
"Naquin, T.",CLE
"Narveson, C.",CLE
"Nathan, J.",WSH
"Nava, D.",PHI
"Navarro, E.",DET
"Neal, Z.",OAK
"Negr&#243;n, K.",ARZ
"Nelson, C.",KC
"Nelson, J.",MIL
"Nesbitt, A.",DET
"Neshek, P.",PHI
"Neverauskas, D.",PIT
"Newcomb, S.",ATL
"Ngoepe, G.",PIT
"Nicasio, J.",PHI
"Nicasio, J.",PIT
"Nicholas, B.",TEX
"Nicolino, J.",MIA
"Nido, T.",NYM
"Niese, J.",NYY
"Nieto, A.",CIN
"Nieuwenhuis, K.",MIL
"Nimmo, B.",NYM
"Noel, R.",HOU
"Nola, A.",PHI
"Noonan, N.",MIL
"Norris, B.",LAA
"Norris, D.",DET
"Norris, D.",TB
"Norris, D.",WSH
"Nu&#241;o, V.",BAL
"Nu&#241;o, V.",LAD
"O&#39;Brien, P.",CIN
"O&#39;Brien, P.",KC
"O&#39;Brien, P.",LAD
"O&#39;Brien, P.",TEX
"O&#39;Day, D.",BAL
"O&#39;Flaherty, E.",ATL
"O&#39;Grady, C.",MIA
"O&#39;Malley, S.",SEA
"O&#39;Rourke, R.",MIN
"O&#39;Sullivan, S.",WSH
"Oberg, S.",COL
"Oberholtzer, B.",TOR
"Odor, R.",TEX
"Odorizzi, J.",TB
"Ogando, A.",ARZ
"Ogando, N.",CIN
"Ogando, N.",PIT
"Ohlman, M.",TOR
"Okert, S.",SF
"Olson, M.",OAK
"Olson, T.",CLE
"Olt, M.",BOS
"Ondrusek, L.",BAL
"Orlando, P.",KC
"Ortiz, D.",PIT
"Osich, J.",SF
"Osuna, J.",PIT
"Otero, D.",CLE
"Ottavino, A.",COL
"Outman, J.",WSH
"Overton, D.",OAK
"Overton, D.",SD
"Overton, D.",SEA
"Owens, H.",BOS
"Owings, C.",ARZ
"Ozuna, M.",MIA
"P&#233;rez, C.",LAA
"P&#233;rez, M.",TEX
"P&#233;rez, R.",CLE
"P&#233;rez, W.",CHC
"P&#233;rez, Y.",MIA
"Pag&#225;n, E.",SEA
"Palka, D.",MIN
"Panik, J.",SF
"Paredes, E.",LAA
"Paredes, E.",LAD
"Paredes, J.",PHI
"Park, B.",MIN
"Parker, B.",LAA
"Parker, J.",SF
"Parmelee, C.",MIA
"Parmley, I.",TOR
"Parnell, B.",CHW
"Parnell, B.",KC
"Parra, G.",COL
"Parra, M.",CHC
"Patterson, J.",COL
"Paul, X.",TEX
"Paulino, D.",HOU
"Paulsen, B.",MIN
"Paxton, J.",SEA
"Pe&#241;a, B.",KC
"Pe&#241;a, F.",BAL
"Pe&#241;a, F.",CHC
"Pe&#241;a, W.",CLE
"Peacock, B.",HOU
"Pearce, S.",TOR
"Pederson, J.",LAD
"Pedroia, D.",BOS
"Pelfrey, M.",CHW
"Pelfrey, M.",DET
"Pena Jr., T.",KC
"Pence, H.",SF
"Peralta, D.",ARZ
"Peralta, J.",BOS
"Peralta, J.",STL
"Peralta, W.",MIL
"Perez, L.",CLE
"Perez, S.",KC
"Perkins, C.",PHI
"Perkins, G.",MIN
"Peters, D.",MIA
"Peterson, D.",CHW
"Peterson, D.",CIN
"Peterson, D.",SEA
"Peterson, J.",ATL
"Peterson, S.",TB
"Petit, G.",TOR
"Petit, Y.",LAA
"Petricka, J.",CHW
"Pham, T.",STL
"Phegley, J.",OAK
"Phelps, D.",MIA
"Phelps, D.",SEA
"Phillips, B.",MIL
"Pill, B.",DET
"Pill, T.",NYM
"Pillar, K.",TOR
"Pinder, B.",LAA
"Pinder, C.",OAK
"Pineda, M.",NYY
"Pino, Y.",MIN
"Pinto, R.",PHI
"Pirela, J.",SD
"Piscotty, S.",STL
"Pivetta, N.",PHI
"Plawecki, K.",NYM
"Plouffe, T.",OAK
"Plouffe, T.",TB
"Plutko, A.",CLE
"Polanco, G.",PIT
"Polanco, J.",MIN
"Pollock, A.",ARZ
"Pomeranz, D.",BOS
"Pompey, D.",TOR
"Posey, B.",SF
"Pounders, B.",LAA
"Povse, M.",SEA
"Powell, B.",OAK
"Powell, B.",SEA
"Prado, M.",MIA
"Presley, A.",DET
"Pressly, R.",MIN
"Price, D.",BOS
"Profar, J.",TEX
"Pruitt, A.",TB
"Puello, C.",LAA
"Puello, C.",TB
"Puello, C.",TEX
"Puig, Y.",LAD
"Putnam, Z.",CHW
"Quackenbush, K.",SD
"Qualls, C.",COL
"Quentin, C.",BOS
"Quinn, R.",PHI
"R&#237;os, Y.",PHI
"Raburn, R.",CHW
"Raburn, R.",CIN
"Raburn, R.",WSH
"Ram&#237;rez, C.",TOR
"Ram&#237;rez, H.",TOR
"Ram&#237;rez, J.",CLE
"Ram&#237;rez, J.",LAA
"Ram&#237;rez, N.",BOS
"Ram&#237;rez, N.",LAA
"Ram&#237;rez, N.",NYM
"Ram&#237;rez, N.",SF
"Ram&#237;rez, N.",TOR
"Ram&#237;rez, N.",WSH
"Ramirez, E.",TB
"Ramos, A.",MIA
"Ramos, C.",PHI
"Ramos, E.",PHI
"Ramos, W.",TB
"Rasmus, C.",TB
"Ravin, J.",LAD
"Ray, R.",ARZ
"Rea, C.",SD
"Read, R.",WSH
"Rearick, C.",LAD
"Recker, A.",ATL
"Recker, A.",MIN
"Reddick, J.",HOU
"Reed, A.",HOU
"Reed, A.",NYM
"Reed, C.",CIN
"Reed, C.",MIA
"Reed, M.",MIL
"Refsnyder, R.",NYY
"Refsnyder, R.",TOR
"Reimold, N.",BAL
"Reinheimer, J.",ARZ
"Reininger, Z.",DET
"Rendon, A.",WSH
"Renfroe, H.",SD
"Reyes, &#193;.",STL
"Reyes, J.",NYM
"Reynolds, M.",COL
"Reynolds, M.",NYM
"Rhame, J.",LAD
"Rhame, J.",NYM
"Richard, C.",SD
"Richards, G.",LAA
"Rickard, J.",BAL
"Riddle, J.",MIA
"Riefenhauser, C.",HOU
"Rivera, R.",CHC
"Rivera, T.",NYM
"Rivera, Y.",MIL
"Rivero, A.",ATL
"Rivero, C.",ARZ
"Roark, T.",WSH
"Robertson, D.",CHW
"Robertson, D.",CLE
"Robertson, D.",TB
"Robinson, C.",WSH
"Robinson, D.",TEX
"Robinson, S.",LAA
"Robles, H.",NYM
"Robles, V.",WSH
"Rod&#243;n, C.",CHW
"Rodgers, B.",HOU
"Rodr&#237;guez Jr., F.",BOS
"Rodr&#237;guez, E.",BOS
"Rodr&#237;guez, E.",NYY
"Rodr&#237;guez, F.",DET
"Rodr&#237;guez, F.",WSH
"Rodr&#237;guez, J.",NYM
"Rodr&#237;guez, J.",PHI
"Rodr&#237;guez, J.",TEX
"Rodr&#237;guez, P.",ATL
"Rodr&#237;guez, P.",BAL
"Rodr&#237;guez, R.",BAL
"Rodr&#237;guez, R.",TEX
"Rodr&#237;guez, S.",ATL
"Roe, C.",ATL
"Roe, C.",TB
"Rogers, E.",WSH
"Rogers, J.",PIT
"Rojas, M.",MIA
"Rollins, D.",CHC
"Rollins, J.",SF
"Romak, J.",SD
"Romano, S.",CIN
"Romero, E.",WSH
"Romero, F.",MIN
"Romero, R.",SF
"Romine, A.",DET
"Romine, A.",NYY
"Romo, S.",LAD
"Rond&#243;n, B.",DET
"Rond&#243;n, H.",CHC
"Rond&#243;n, J.",SD
"Rosales, A.",OAK
"Rosario, A.",NYM
"Rosario, A.",STL
"Rosario, R.",MIN
"Rosenthal, T.",STL
"Rosin, S.",MIN
"Rosin, S.",SF
"Ross Jr., R.",BOS
"Ross, J.",WSH
"Ross, T.",TEX
"Rosscup, Z.",CHC
"Rosscup, Z.",COL
"Roth, M.",TB
"Rowley, C.",TOR
"Rua, R.",TEX
"Rucinski, D.",MIN
"Ruf, D.",LAD
"Ruggiano, J.",SF
"Ruiz, J.",SD
"Ruiz, R.",ATL
"Runzler, D.",PIT
"Rusin, C.",COL
"Russell, A.",CHC
"Russell, J.",CLE
"Rutledge, J.",BOS
"Ryan, K.",DET
"Ryu, H.",LAD
"S&#225;nchez, A.",PIT
"S&#225;nchez, G.",NYY
"S&#225;nchez, H.",SD
"S&#225;nchez, J.",KC
"S&#225;nchez, T.",ATL
"Sabathia, C.",NYY
"Sadzeck, C.",TEX
"Saladino, T.",CHW
"Salas, F.",LAA
"Salas, F.",NYM
"Salazar, D.",CLE
"Saltalamacchia, J.",TOR
"Sampson, K.",ARZ
"Sampson, K.",MIA
"San&#243;, M.",MIN
"Sanchez, A.",DET
"Sanchez, A.",TOR
"Sanchez, A.",WSH
"Sandoval, P.",BOS
"Sandoval, P.",SF
"Sands, J.",SF
"Santana, C.",CLE
"Santana, D.",ATL
"Santana, D.",MIN
"Santana, E.",PIT
"Santander, A.",BAL
"Santiago, H.",MIN
"Santos, L.",TOR
"Sardi&#241;as, L.",BAL
"Sardi&#241;as, L.",SD
"Saunders, M.",PHI
"Saunders, M.",TOR
"Saupold, W.",DET
"Scahill, R.",MIL
"Schebler, S.",CIN
"Scheppers, T.",TEX
"Scherzer, M.",WSH
"Schimpf, R.",SD
"Schlereth, D.",MIA
"Schoop, J.",BAL
"Schugel, A.",PIT
"Schultz, B.",TOR
"Schultz, J.",TB
"Schuster, P.",LAD
"Schuster, P.",OAK
"Schwarber, K.",CHC
"Scott, R.",BOS
"Scott, T.",BAL
"Scribner, E.",SEA
"Scribner, T.",LAA
"Segedin, R.",LAD
"Segura, J.",SEA
"Selsky, S.",BOS
"Selsky, S.",CIN
"Semien, M.",OAK
"Senzatela, A.",COL
"Severino, P.",WSH
"Sewald, P.",NYM
"Shackelford, K.",CIN
"Shaffer, R.",CLE
"Shaw, B.",CLE
"Shaw, T.",MIL
"Sherfy, J.",ARZ
"Sherriff, R.",STL
"Shields, J.",CHW
"Shipley, B.",ARZ
"Shoemaker, M.",LAA
"Shreve, C.",NYY
"Siegrist, K.",PHI
"Siegrist, K.",STL
"Sierra, M.",STL
"Simmons, S.",SEA
"Sims, L.",ATL
"Sipp, T.",HOU
"Sisco, C.",BAL
"Skaggs, T.",LAA
"Skoglund, E.",KC
"Slania, D.",SF
"Slater, A.",SF
"Slegers, A.",MIN
"Smith Jr., D.",TOR
"Smith, B.",CHW
"Smith, C.",BOS
"Smith, C.",CHC
"Smith, C.",NYY
"Smith, C.",OAK
"Smith, C.",TOR
"Smith, D.",NYM
"Smith, J.",OAK
"Smith, J.",TOR
"Smith, K.",CHW
"Smith, M.",TB
"Smith, N.",LAA
"Smith, T.",SEA
"Smith, T.",TEX
"Smith, W.",SF
"Smoker, J.",NYM
"Smolinski, J.",OAK
"Smyly, D.",SEA
"Snell, B.",TB
"Snider, T.",TEX
"Snodgress, S.",CHW
"Socolovich, M.",STL
"Sogard, E.",MIL
"Sol&#237;s, S.",WSH
"Solarte, Y.",SD
"Soler, J.",KC
"Soria, J.",KC
"Sosa, E.",STL
"Soto, G.",CHW
"Span, D.",SF
"Spangenberg, C.",SD
"Sparkman, G.",TOR
"Springer, G.",HOU
"Stallings, J.",PIT
"Stammen, C.",SD
"Stanek, R.",TB
"Starling, B.",KC
"Stassi, B.",PHI
"Stassi, M.",HOU
"Steckenrider, D.",MIA
"Stephens, J.",CIN
"Stephenson, R.",CIN
"Stevenson, A.",WSH
"Stewart, B.",LAD
"Stewart, C.",PIT
"Stewart, Z.",BAL
"Storen, D.",CIN
"Story, T.",COL
"Strahm, M.",KC
"Strahm, M.",SD
"Strasburg, S.",WSH
"Stratton, C.",SF
"Strausborger, R.",MIN
"Street, H.",LAA
"Strickland, H.",SF
"Stripling, R.",LAD
"Stroman, M.",TOR
"Strop, P.",CHC
"Stubbs, D.",MIN
"Stubbs, D.",SF
"Stubbs, D.",TEX
"Stumpf, D.",DET
"Su&#225;rez, A.",SF
"Sucre, J.",SEA
"Sucre, J.",TB
"Susac, A.",MIL
"Suter, B.",MIL
"Suzuki, K.",ATL
"Swanson, D.",ATL
"Swarzak, A.",CHW
"Swihart, B.",BOS
"Swisher, N.",NYY
"Syndergaard, N.",NYM
"Szczur, M.",CHC
"Szczur, M.",SD
"Tabata, J.",TOR
"Taijeron, T.",NYM
"Taillon, J.",PIT
"Tanaka, M.",NYY
"Tapia, R.",COL
"Tauchman, M.",COL
"Taylor, B.",BOS
"Taylor, C.",LAD
"Taylor, M.",WSH
"Tazawa, J.",MIA
"Tejada, R.",BAL
"Telis, T.",MIA
"Tepesch, N.",MIN
"Tepesch, N.",TOR
"Terdoslavich, J.",PIT
"Therrien, J.",PHI
"Thielbar, C.",MIA
"Thole, J.",ARZ
"Thompson, J.",PHI
"Thompson, T.",LAD
"Thornburg, T.",BOS
"Tillman, C.",BAL
"Tilson, C.",CHW
"Toles, A.",LAD
"Tolleson, S.",TB
"Tolliver, A.",HOU
"Tolliver, A.",SEA
"Tom&#225;s, Y.",ARZ
"Tomlin, J.",CLE
"Tomlinson, K.",SF
"Tonkin, M.",MIN
"Torres, C.",MIL
"Torres, R.",KC
"Tracy, M.",MIN
"Travieso, N.",CIN
"Travis, D.",TOR
"Travis, S.",BOS
"Triggs, A.",OAK
"Tropeano, N.",LAA
"Trout, M.",LAA
"Trumbo, M.",BAL
"Tseng, J.",CHC
"Tucker, P.",HOU
"Tuivailala, S.",STL
"Tulowitzki, T.",TOR
"Turley, N.",MIN
"Turner, J.",LAD
"Turner, J.",WSH
"Turner, S.",CIN
"Turner, T.",WSH
"Uehara, K.",CHC
"Underwood Jr., D.",CHC
"Upton Jr., M.",SF
"Upton Jr., M.",TOR
"Ur&#237;as, J.",LAD
"Ure&#241;a, R.",TOR
"Urrutia, H.",BAL
"Urrutia, H.",BOS
"Urshela, G.",CLE
"Utley, C.",LAD
"Valaika, P.",COL
"Valbuena, L.",LAA
"Valdez, C.",OAK
"Valdez, C.",TOR
"Valdez, J.",LAA
"Valdez, J.",SD
"Valencia, D.",SEA
"Valera, B.",STL
"Van Slyke, S.",CIN
"Van Slyke, S.",LAD
"Vargas, C.",SD
"Vargas, I.",ARZ
"Vargas, K.",MIN
"Vel&#225;zquez, H.",BOS
"Velasquez, V.",PHI
"Venable, W.",LAD
"Ventura, Y.",KC
"VerHagen, D.",DET
"Verdugo, A.",LAD
"Verrett, L.",BAL
"Vieira, T.",SEA
"Vielma, E.",MIN
"Vielma, E.",SF
"Villanueva, C.",SD
"Villanueva, E.",BOS
"Villar, J.",MIL
"Vincej, Z.",CIN
"Vincent, N.",SEA
"Vizca&#237;no, A.",ATL
"Vogelbach, D.",SEA
"Vogelsong, R.",MIN
"Vogelsong, R.",SF
"Vogt, S.",MIL
"Vogt, S.",OAK
"Voit, L.",STL
"Volquez, E.",MIA
"Volstad, C.",CHW
"Voth, A.",WSH
"Wacha, M.",STL
"Wade, T.",NYY
"Wagner, N.",NYM
"Wagner, T.",TEX
"Wahl, B.",OAK
"Wainwright, A.",STL
"Walker, C.",ARZ
"Walker, C.",ATL
"Walker, C.",BAL
"Walker, C.",CIN
"Walker, N.",NYM
"Walker, T.",ARZ
"Wallace, B.",SD
"Wallach, C.",CIN
"Walsh, C.",ARZ
"Walsh, C.",HOU
"Walters, Z.",CIN
"Walters, Z.",KC
"Wang, W.",MIL
"Warren, A.",NYY
"Washington, D.",BAL
"Watson, T.",PIT
"Weaver, J.",SD
"Weaver, L.",STL
"Webb, R.",MIL
"Webb, R.",SF
"Webb, T.",MIL
"Webb, T.",NYY
"Webb, T.",PIT
"Weber, R.",SEA
"Weber, T.",COL
"Weber, T.",DET
"Weeks Jr., R.",TB
"Wendle, J.",OAK
"Werth, J.",WSH
"Whalen, R.",SEA
"Wheeler, J.",BAL
"Wheeler, J.",LAD
"Wheeler, J.",MIN
"Wheeler, Z.",NYM
"White, T.",HOU
"Whitley, C.",TB
"Wieters, M.",WSH
"Wilhelmsen, T.",ARZ
"Wilhelmsen, T.",MIL
"Wilk, A.",MIN
"Wilk, A.",NYM
"Wilkerson, A.",MIL
"Wilkins, A.",MIN
"Williams, J.",PIT
"Williams, M.",NYY
"Williams, N.",PHI
"Williams, T.",MIL
"Williamson, M.",SF
"Wilson, A.",DET
"Wilson, B.",LAD
"Wilson, J.",DET
"Wilson, J.",TEX
"Wilson, T.",BAL
"Wimmers, A.",MIN
"Winker, J.",CIN
"Winkler, D.",ATL
"Wisler, M.",ATL
"Withrow, C.",KC
"Wittgren, N.",MIA
"Wojciechowski, A.",CIN
"Wolters, T.",COL
"Wong, K.",STL
"Wood, A.",LAD
"Wood, B.",CIN
"Wood, B.",LAA
"Wood, H.",TB
"Wood, T.",KC
"Woodruff, B.",MIL
"Workman, B.",BOS
"Worley, V.",MIA
"Worley, V.",WSH
"Wright, D.",LAA
"Wright, D.",NYM
"Wright, M.",BAL
"Wright, S.",BOS
"Wright, W.",TEX
"Yacabonis, J.",BAL
"Yates, K.",LAA
"Yates, K.",SD
"Ynoa, G.",BAL
"Ynoa, M.",CHW
"Young Jr., E.",LAA
"Young, C.",KC
"Zagunis, M.",CHC
"Zagurski, M.",DET
"Zastryzny, R.",CHC
"Zeid, J.",STL
"Ziegler, B.",MIA
"Zimmer, B.",CLE
"Zimmer, K.",KC
"Zobrist, B.",CHC
"Zunino, M.",SEA
"Zych, T.",SEA
"d&#39;Arnaud, C.",ATL
"d&#39;Arnaud, C.",BOS
"d&#39;Arnaud, C.",SD
"d&#39;Arnaud, T.",NYM
"deGrom, J.",NYM
"den Dekker, M.",DET
"den Dekker, M.",MIA
